Index,actual mood,predicted mood
ML1,relaxed,happy
ML2,relaxed,happy
ML3,relaxed,happy
ML4,relaxed,happy
ML5,angry,angry
ML6,happy,happy
ML7,angry,angry
ML8,angry,angry
ML9,happy,happy
ML10,relaxed,relaxed
ML11,happy,happy
ML12,relaxed,relaxed
ML13,happy,happy
ML14,happy,happy
ML15,happy,happy
ML16,sad,happy
ML17,happy,happy
ML18,happy,happy
ML19,angry,happy
ML20,angry,angry
ML21,relaxed,happy
ML22,relaxed,happy
ML23,sad,happy
ML24,happy,happy
ML25,happy,happy
ML26,sad,happy
ML27,angry,angry
ML28,happy,happy
ML29,relaxed,relaxed
ML30,relaxed,happy
ML31,sad,sad
ML32,relaxed,happy
ML33,relaxed,happy
ML34,sad,happy
ML35,relaxed,relaxed
ML36,happy,happy
ML37,angry,happy
ML38,happy,happy
ML39,happy,happy
ML40,sad,happy
ML41,angry,angry
ML42,angry,happy
ML43,angry,angry
ML44,angry,angry
ML45,sad,happy
ML46,sad,angry
ML47,sad,happy
ML48,angry,angry
ML49,angry,happy
ML50,angry,angry
ML51,happy,happy
ML52,angry,angry
ML53,sad,happy
ML54,angry,angry
ML55,angry,angry
ML56,angry,angry
ML57,sad,happy
ML58,sad,angry
ML59,relaxed,relaxed
ML60,angry,happy
ML61,angry,happy
ML62,angry,angry
ML63,angry,angry
ML64,angry,angry
ML65,angry,angry
ML66,angry,happy
ML67,angry,angry
ML68,angry,angry
ML69,relaxed,relaxed
ML70,relaxed,relaxed
ML71,relaxed,happy
ML72,sad,happy
ML73,happy,happy
ML74,relaxed,happy
ML75,relaxed,happy
ML76,angry,happy
ML77,sad,happy
ML78,angry,happy
ML79,angry,happy
ML80,happy,happy
ML81,angry,angry
ML82,angry,happy
ML83,happy,happy
ML84,angry,happy
ML85,sad,sad
ML86,sad,happy
ML87,happy,happy
ML88,relaxed,happy
ML89,happy,happy
ML90,angry,angry
ML91,happy,happy
ML92,sad,happy
ML93,angry,angry
ML94,relaxed,relaxed
ML95,relaxed,relaxed
ML96,relaxed,relaxed
ML97,angry,happy
ML98,happy,happy
ML99,sad,sad
ML100,happy,happy
ML101,relaxed,happy
ML102,sad,happy
ML103,sad,sad
ML104,angry,happy
ML105,happy,happy
ML106,relaxed,happy
ML107,relaxed,happy
ML108,relaxed,happy
ML109,relaxed,relaxed
ML110,happy,happy
ML111,relaxed,happy
ML112,angry,angry
ML113,relaxed,happy
ML114,happy,happy
ML115,relaxed,relaxed
ML116,happy,happy
ML117,happy,happy
ML118,angry,happy
ML119,happy,happy
ML120,sad,happy
ML121,happy,happy
ML122,happy,happy
ML123,sad,happy
ML124,angry,angry
ML125,happy,happy
ML126,angry,happy
ML127,relaxed,happy
ML128,angry,happy
ML129,sad,happy
ML130,relaxed,happy
ML131,sad,happy
ML132,happy,happy
ML133,happy,happy
ML134,sad,happy
ML135,happy,happy
ML136,relaxed,happy
ML137,happy,happy
ML138,happy,happy
ML139,angry,happy
ML140,sad,sad
ML141,happy,happy
ML142,angry,angry
ML143,happy,happy
ML144,sad,happy
ML145,angry,angry
ML146,angry,angry
ML147,sad,happy
ML148,angry,angry
ML149,happy,happy
ML150,sad,happy
ML151,relaxed,happy
ML152,happy,happy
ML153,relaxed,happy
ML154,happy,happy
ML155,happy,happy
ML156,sad,happy
ML157,happy,happy
ML158,angry,happy
ML159,angry,angry
ML160,relaxed,happy
ML161,happy,happy
ML162,happy,happy
ML163,relaxed,happy
ML164,happy,happy
ML165,happy,happy
ML166,angry,angry
ML167,angry,angry
ML168,angry,happy
ML169,angry,angry
ML170,angry,angry
ML171,sad,sad
ML172,happy,happy
ML173,angry,angry
ML174,sad,happy
ML175,angry,happy
ML176,angry,angry
ML177,angry,angry
ML178,angry,angry
ML179,relaxed,relaxed
ML180,happy,happy
ML181,sad,happy
ML182,happy,happy
ML183,happy,happy
ML184,happy,happy
ML185,angry,angry
ML186,relaxed,relaxed
ML187,happy,happy
ML188,happy,happy
ML189,happy,happy
ML190,sad,happy
ML191,relaxed,happy
ML192,angry,happy
ML193,happy,happy
ML194,happy,happy
ML195,angry,happy
ML196,happy,happy
ML197,happy,happy
ML198,happy,happy
ML199,happy,happy
ML200,happy,happy
ML201,happy,happy
ML202,relaxed,happy
ML203,happy,happy
ML204,angry,happy
ML205,relaxed,happy
ML206,happy,happy
ML207,relaxed,relaxed
ML208,happy,happy
ML209,angry,angry
ML210,sad,happy
ML211,angry,happy
ML212,angry,angry
ML213,sad,happy
ML214,angry,happy
ML215,relaxed,relaxed
ML216,angry,angry
ML217,angry,happy
ML218,angry,angry
ML219,angry,angry
ML220,sad,happy
ML221,angry,angry
ML222,angry,angry
ML223,sad,angry
ML224,sad,happy
ML225,angry,angry
ML226,sad,sad
ML227,relaxed,happy
ML228,angry,angry
ML229,relaxed,relaxed
ML230,happy,happy
ML231,happy,happy
ML232,happy,happy
ML233,happy,happy
ML234,happy,happy
ML235,sad,sad
ML236,happy,happy
ML237,sad,happy
ML238,happy,happy
ML239,sad,sad
ML240,sad,sad
ML241,sad,sad
ML242,sad,sad
ML243,sad,sad
ML244,sad,sad
ML245,sad,sad
ML246,sad,sad
ML247,sad,sad
ML248,happy,happy
ML249,happy,happy
ML250,sad,sad
ML251,angry,angry
ML252,relaxed,happy
ML253,happy,happy
ML254,happy,happy
ML255,happy,happy
ML256,relaxed,happy
ML257,happy,happy
ML258,happy,happy
ML259,relaxed,happy
ML260,happy,happy
ML261,sad,sad
ML262,sad,happy
ML263,happy,happy
ML264,relaxed,happy
ML265,sad,happy
ML266,sad,happy
ML267,relaxed,happy
ML268,happy,happy
ML269,happy,happy
ML270,happy,happy
ML271,happy,happy
ML272,angry,happy
ML273,relaxed,happy
ML274,angry,happy
ML275,happy,happy
ML276,happy,happy
ML277,relaxed,relaxed
ML278,happy,happy
ML279,happy,happy
ML280,happy,happy
ML281,happy,happy
ML282,relaxed,happy
ML283,happy,happy
ML284,sad,happy
ML285,sad,sad
ML286,sad,sad
ML287,sad,sad
ML288,sad,sad
ML289,sad,sad
ML290,sad,sad
ML291,sad,sad
ML292,sad,sad
ML293,sad,sad
ML294,sad,sad
ML295,sad,sad
ML296,sad,sad
ML297,sad,sad
ML298,sad,sad
ML299,sad,sad
ML300,sad,sad
ML301,sad,sad
ML302,sad,sad
ML303,sad,sad
ML304,sad,sad
ML305,sad,happy
ML306,happy,happy
ML307,happy,happy
ML308,happy,happy
ML309,happy,happy
ML310,happy,happy
ML311,happy,happy
ML312,angry,happy
ML313,angry,angry
ML314,angry,happy
ML315,sad,happy
ML316,happy,happy
ML317,happy,happy
ML318,angry,happy
ML319,angry,happy
ML320,relaxed,relaxed
ML321,happy,happy
ML322,relaxed,happy
ML323,sad,happy
ML324,happy,happy
ML325,angry,happy
ML326,happy,happy
ML327,happy,happy
ML328,happy,happy
ML329,happy,happy
ML330,happy,happy
ML331,angry,happy
ML332,happy,happy
ML333,happy,happy
ML334,angry,happy
ML335,happy,happy
ML336,relaxed,happy
ML337,happy,happy
ML338,happy,happy
ML339,angry,happy
ML340,relaxed,happy
ML341,happy,happy
ML342,angry,happy
ML343,sad,happy
ML344,happy,happy
ML345,happy,happy
ML346,relaxed,happy
ML347,happy,happy
ML348,relaxed,relaxed
ML349,relaxed,happy
ML350,happy,happy
ML351,happy,happy
ML352,happy,happy
ML353,relaxed,happy
ML354,happy,happy
ML355,relaxed,happy
ML356,angry,happy
ML357,happy,happy
ML358,happy,happy
ML359,relaxed,relaxed
ML360,relaxed,relaxed
ML361,relaxed,happy
ML362,relaxed,relaxed
ML363,relaxed,happy
ML364,sad,happy
ML365,angry,angry
ML366,relaxed,happy
ML367,relaxed,relaxed
ML368,relaxed,happy
ML369,sad,happy
ML370,happy,happy
ML371,sad,happy
ML372,happy,happy
ML373,sad,happy
ML374,relaxed,happy
ML375,angry,angry
ML376,happy,happy
ML377,happy,happy
ML378,sad,sad
ML379,angry,happy
ML380,angry,angry
ML381,sad,sad
ML382,sad,happy
ML383,angry,happy
ML384,sad,happy
ML385,sad,happy
ML386,angry,happy
ML387,angry,angry
ML388,angry,angry
ML389,sad,happy
ML390,happy,happy
ML391,sad,sad
ML392,happy,happy
ML393,sad,sad
ML394,sad,sad
ML395,sad,happy
ML396,relaxed,relaxed
ML397,sad,sad
ML398,happy,happy
ML399,angry,happy
ML400,relaxed,happy
ML401,relaxed,happy
ML402,happy,happy
ML403,happy,happy
ML404,relaxed,happy
ML405,happy,happy
ML406,happy,happy
ML407,angry,happy
ML408,sad,happy
ML409,sad,happy
ML410,relaxed,happy
ML411,happy,happy
ML412,relaxed,relaxed
ML413,happy,happy
ML414,happy,happy
ML415,happy,happy
ML416,angry,happy
ML417,relaxed,happy
ML418,sad,happy
ML419,angry,happy
ML420,relaxed,happy
ML421,happy,happy
ML422,sad,happy
ML423,relaxed,happy
ML424,sad,sad
ML425,happy,happy
ML426,happy,happy
ML427,happy,happy
ML428,happy,happy
ML429,happy,happy
ML430,angry,happy
ML431,angry,angry
ML432,sad,happy
ML433,sad,happy
ML434,happy,happy
ML435,angry,happy
ML436,sad,happy
ML437,relaxed,relaxed
ML438,relaxed,happy
ML439,happy,happy
ML440,happy,happy
ML441,happy,happy
ML442,happy,happy
ML443,happy,happy
ML444,happy,happy
ML445,relaxed,happy
ML446,relaxed,happy
ML447,relaxed,happy
ML448,happy,happy
ML449,happy,happy
ML450,happy,happy
ML451,relaxed,happy
ML452,angry,happy
ML453,happy,happy
ML454,happy,happy
ML455,happy,happy
ML456,relaxed,relaxed
ML457,happy,happy
ML458,angry,happy
ML459,relaxed,relaxed
ML460,relaxed,happy
ML461,happy,happy
ML462,happy,happy
ML463,happy,happy
ML464,happy,happy
ML465,sad,happy
ML466,relaxed,happy
ML467,happy,happy
ML468,sad,sad
ML469,sad,sad
ML470,happy,happy
ML471,angry,happy
ML472,angry,happy
ML473,angry,happy
ML474,angry,angry
ML475,sad,happy
ML476,relaxed,happy
ML477,sad,happy
ML478,relaxed,happy
ML479,happy,happy
ML480,relaxed,happy
ML481,angry,happy
ML482,relaxed,happy
ML483,happy,happy
ML484,happy,happy
ML485,happy,happy
ML486,angry,happy
ML487,happy,happy
ML488,angry,happy
ML489,relaxed,relaxed
ML490,happy,happy
ML491,happy,happy
ML492,happy,happy
ML493,angry,happy
ML494,relaxed,happy
ML495,relaxed,relaxed
ML496,happy,happy
ML497,sad,happy
ML498,happy,happy
ML499,happy,happy
ML500,sad,sad
ML501,sad,sad
ML502,sad,sad
ML503,relaxed,happy
ML504,happy,happy
ML505,happy,happy
ML506,angry,happy
ML507,happy,happy
ML508,angry,happy
ML509,happy,happy
ML510,happy,happy
ML511,happy,happy
ML512,happy,happy
ML513,happy,happy
ML514,relaxed,happy
ML515,happy,happy
ML516,angry,happy
ML517,sad,happy
ML518,angry,angry
ML519,sad,happy
ML520,sad,happy
ML521,angry,happy
ML522,angry,happy
ML523,angry,angry
ML524,sad,sad
ML525,sad,sad
ML526,sad,sad
ML527,angry,angry
ML528,sad,sad
ML529,sad,sad
ML530,sad,sad
ML531,relaxed,happy
ML532,happy,happy
ML533,happy,happy
ML534,angry,angry
ML535,happy,happy
ML536,angry,angry
ML537,relaxed,happy
ML538,relaxed,happy
ML539,happy,happy
ML540,relaxed,happy
ML541,happy,happy
ML542,relaxed,happy
ML543,sad,happy
ML544,relaxed,happy
ML545,relaxed,happy
ML546,happy,happy
ML547,relaxed,happy
ML548,relaxed,happy
ML549,relaxed,happy
ML550,happy,happy
ML551,happy,happy
ML552,happy,happy
ML553,happy,happy
ML554,happy,happy
ML555,sad,happy
ML556,happy,happy
ML557,angry,angry
ML558,relaxed,happy
ML559,relaxed,happy
ML560,angry,happy
ML561,sad,sad
ML562,sad,happy
ML563,happy,happy
ML564,relaxed,happy
ML565,sad,sad
ML566,angry,angry
ML567,angry,angry
ML568,happy,happy
ML569,sad,happy
ML570,sad,happy
ML571,angry,happy
ML572,sad,happy
ML573,relaxed,relaxed
ML574,angry,angry
ML575,angry,happy
ML576,sad,happy
ML577,happy,happy
ML578,angry,angry
ML579,angry,happy
ML580,sad,happy
ML581,relaxed,happy
ML582,relaxed,relaxed
ML583,happy,happy
ML584,relaxed,relaxed
ML585,happy,happy
ML586,relaxed,happy
ML587,happy,happy
ML588,relaxed,happy
ML589,relaxed,happy
ML590,sad,angry
ML591,sad,happy
ML592,sad,happy
ML593,sad,happy
ML594,relaxed,happy
ML595,angry,angry
ML596,angry,angry
ML597,happy,happy
ML598,relaxed,happy
ML599,happy,happy
ML600,happy,happy
ML601,happy,happy
ML602,relaxed,relaxed
ML603,sad,sad
ML604,sad,sad
ML605,sad,sad
ML606,sad,sad
ML607,sad,sad
ML608,happy,happy
ML609,relaxed,happy
ML610,happy,happy
ML611,sad,happy
ML612,relaxed,relaxed
ML613,relaxed,happy
ML614,happy,happy
ML615,relaxed,relaxed
ML616,angry,happy
ML617,relaxed,happy
ML618,happy,happy
ML619,happy,happy
ML620,relaxed,happy
ML621,angry,happy
ML622,relaxed,happy
ML623,relaxed,happy
ML624,relaxed,happy
ML625,happy,happy
ML626,happy,happy
ML627,happy,happy
ML628,happy,happy
ML629,relaxed,happy
ML630,angry,angry
ML631,relaxed,happy
ML632,relaxed,happy
ML633,happy,happy
ML634,happy,happy
ML635,happy,happy
ML636,angry,angry
ML637,angry,angry
ML638,angry,angry
ML639,angry,angry
ML640,angry,happy
ML641,sad,happy
ML642,relaxed,happy
ML643,relaxed,relaxed
ML644,sad,happy
ML645,angry,angry
ML646,angry,angry
ML647,angry,angry
ML648,angry,angry
ML649,sad,sad
ML650,angry,happy
ML651,sad,sad
ML652,angry,happy
ML653,happy,happy
ML654,angry,happy
ML655,angry,angry
ML656,happy,happy
ML657,happy,happy
ML658,relaxed,happy
ML659,relaxed,happy
ML660,angry,angry
ML661,happy,happy
ML662,happy,happy
ML663,angry,angry
ML664,sad,angry
ML665,sad,happy
ML666,relaxed,happy
ML667,angry,happy
ML668,relaxed,happy
ML669,angry,angry
ML670,happy,happy
ML671,happy,happy
ML672,happy,happy
ML673,angry,angry
ML674,happy,happy
ML675,happy,happy
ML676,relaxed,happy
ML677,angry,happy
ML678,sad,happy
ML679,happy,happy
ML680,relaxed,relaxed
ML681,relaxed,relaxed
ML682,happy,happy
ML683,relaxed,happy
ML684,happy,happy
ML685,angry,happy
ML686,happy,happy
ML687,relaxed,relaxed
ML688,sad,happy
ML689,angry,angry
ML690,angry,happy
ML691,relaxed,relaxed
ML692,sad,happy
ML693,happy,happy
ML694,sad,sad
ML695,happy,happy
ML696,happy,happy
ML697,angry,happy
ML698,relaxed,happy
ML699,happy,happy
ML700,angry,happy
ML701,relaxed,happy
ML702,happy,happy
ML703,angry,angry
ML704,angry,angry
ML705,angry,happy
ML706,angry,angry
ML707,happy,happy
ML708,relaxed,happy
ML709,happy,happy
ML710,sad,sad
ML711,relaxed,happy
ML712,angry,angry
ML713,angry,happy
ML714,happy,happy
ML715,angry,angry
ML716,happy,happy
ML717,relaxed,relaxed
ML718,relaxed,happy
ML719,sad,sad
ML720,relaxed,happy
ML721,happy,happy
ML722,happy,happy
ML723,relaxed,happy
ML724,happy,happy
ML725,happy,happy
ML726,sad,sad
ML727,sad,sad
ML728,angry,happy
ML729,happy,happy
ML730,happy,happy
ML731,happy,happy
ML732,sad,sad
ML733,happy,happy
ML734,relaxed,happy
ML735,sad,angry
ML736,relaxed,relaxed
ML737,sad,sad
ML738,relaxed,happy
ML739,happy,happy
ML740,happy,happy
ML741,angry,angry
ML742,sad,sad
ML743,sad,sad
ML744,sad,sad
ML745,sad,sad
ML746,angry,angry
ML747,happy,happy
ML748,angry,angry
ML749,happy,happy
ML750,relaxed,relaxed
ML751,angry,happy
ML752,relaxed,happy
ML753,relaxed,happy
ML754,happy,happy
ML755,sad,happy
ML756,angry,angry
ML757,relaxed,happy
ML758,sad,happy
ML759,relaxed,happy
ML760,sad,sad
ML761,happy,happy
ML762,sad,happy
ML763,happy,happy
ML764,relaxed,happy
ML765,relaxed,happy
ML766,relaxed,happy
ML767,happy,happy
ML768,angry,angry
ML769,relaxed,happy
ML770,sad,happy
ML771,angry,angry
ML772,sad,happy
ML773,sad,happy
ML774,relaxed,happy
ML775,happy,happy
ML776,happy,happy
ML777,happy,happy
ML778,relaxed,relaxed
ML779,happy,happy
ML780,relaxed,happy
ML781,happy,happy
ML782,relaxed,relaxed
ML783,sad,happy
ML784,happy,happy
ML785,angry,angry
ML786,angry,angry
ML787,sad,sad
ML788,sad,sad
ML789,sad,relaxed
ML790,sad,sad
ML791,sad,sad
ML792,happy,happy
ML793,relaxed,happy
ML794,happy,happy
ML795,angry,angry
ML796,relaxed,happy
ML797,relaxed,relaxed
ML798,sad,sad
ML799,happy,happy
ML800,happy,happy
ML801,sad,happy
ML802,relaxed,happy
ML803,sad,sad
ML804,happy,happy
ML805,relaxed,relaxed
ML806,relaxed,happy
ML807,sad,sad
ML808,relaxed,happy
ML809,happy,happy
ML810,angry,angry
ML811,happy,happy
ML812,happy,happy
ML813,sad,happy
ML814,sad,happy
ML815,relaxed,happy
ML816,angry,angry
ML817,happy,happy
ML818,sad,happy
ML819,happy,happy
ML820,sad,happy
ML821,angry,angry
ML822,sad,happy
ML823,angry,happy
ML824,sad,sad
ML825,sad,happy
ML826,angry,angry
ML827,happy,happy
ML828,sad,happy
ML829,happy,happy
ML830,relaxed,happy
ML831,relaxed,happy
ML832,sad,happy
ML833,sad,happy
ML834,sad,happy
ML835,relaxed,happy
ML836,happy,happy
ML837,happy,happy
ML838,happy,happy
ML839,relaxed,relaxed
ML840,relaxed,relaxed
ML841,angry,happy
ML842,relaxed,happy
ML843,happy,happy
ML844,happy,happy
ML845,angry,angry
ML846,sad,sad
ML847,sad,sad
ML848,relaxed,happy
ML849,relaxed,relaxed
ML850,happy,happy
ML851,relaxed,relaxed
ML852,happy,happy
ML853,happy,happy
ML854,sad,angry
ML855,sad,happy
ML856,relaxed,happy
ML857,relaxed,happy
ML858,sad,happy
ML859,sad,happy
ML860,sad,sad
ML861,sad,happy
ML862,relaxed,happy
ML863,angry,angry
ML864,happy,happy
ML865,happy,happy
ML866,happy,happy
ML867,sad,happy
ML868,sad,happy
ML869,sad,happy
ML870,angry,angry
ML871,relaxed,happy
ML872,sad,sad
ML873,angry,angry
ML874,relaxed,happy
ML875,happy,happy
ML876,relaxed,relaxed
ML877,angry,angry
ML878,sad,happy
ML879,sad,happy
ML880,happy,happy
ML881,angry,angry
ML882,happy,happy
ML883,angry,happy
ML884,relaxed,happy
ML885,angry,happy
ML886,angry,angry
ML887,angry,angry
ML888,sad,happy
ML889,happy,happy
ML890,happy,happy
ML891,happy,happy
ML892,happy,happy
ML893,sad,happy
ML894,angry,angry
ML895,sad,angry
ML896,sad,sad
ML897,angry,angry
ML898,angry,angry
ML899,angry,angry
ML900,angry,happy
ML901,relaxed,happy
ML902,angry,angry
ML903,happy,happy
ML904,happy,happy
ML905,angry,angry
ML906,happy,happy
ML907,relaxed,happy
ML908,happy,happy
ML909,angry,happy
ML910,relaxed,happy
ML911,relaxed,relaxed
ML912,happy,happy
ML913,relaxed,relaxed
ML914,happy,happy
ML915,sad,sad
ML916,happy,happy
ML917,relaxed,relaxed
ML918,happy,happy
ML919,relaxed,happy
ML920,happy,happy
ML921,happy,happy
ML922,happy,happy
ML923,sad,happy
ML924,relaxed,happy
ML925,happy,happy
ML926,relaxed,happy
ML927,relaxed,relaxed
ML928,sad,happy
ML929,happy,happy
ML930,relaxed,relaxed
ML931,relaxed,happy
ML932,sad,happy
ML933,relaxed,happy
ML934,happy,happy
ML935,happy,happy
ML936,angry,angry
ML937,relaxed,happy
ML938,happy,happy
ML939,angry,happy
ML940,sad,sad
ML941,sad,sad
ML942,relaxed,happy
ML943,relaxed,happy
ML944,happy,happy
ML945,happy,happy
ML946,angry,angry
ML947,relaxed,relaxed
ML948,relaxed,happy
ML949,relaxed,relaxed
ML950,sad,happy
ML951,angry,angry
ML952,happy,happy
ML953,relaxed,happy
ML954,happy,happy
ML955,happy,happy
ML956,relaxed,relaxed
ML957,angry,happy
ML958,angry,angry
ML959,angry,angry
ML960,relaxed,relaxed
ML961,angry,angry
ML962,sad,happy
ML963,sad,sad
ML964,angry,happy
ML965,relaxed,happy
ML966,relaxed,happy
ML967,happy,happy
ML968,happy,happy
ML969,relaxed,happy
ML970,angry,angry
ML971,relaxed,relaxed
ML972,happy,happy
ML973,relaxed,relaxed
ML974,relaxed,relaxed
ML975,sad,angry
ML976,angry,happy
ML977,happy,happy
ML978,happy,happy
ML979,happy,happy
ML980,sad,happy
ML981,relaxed,happy
ML982,sad,happy
ML983,sad,happy
ML984,relaxed,relaxed
ML985,happy,happy
ML986,sad,sad
ML987,sad,sad
ML988,sad,happy
ML989,angry,angry
ML990,sad,sad
ML991,sad,happy
ML992,sad,angry
ML993,sad,happy
ML994,angry,angry
ML995,sad,happy
ML996,angry,angry
ML997,relaxed,happy
ML998,sad,happy
ML999,relaxed,happy
ML1000,sad,happy
ML1001,relaxed,happy
ML1002,relaxed,happy
ML1003,happy,happy
ML1004,relaxed,happy
ML1005,relaxed,happy
ML1006,relaxed,happy
ML1007,relaxed,happy
ML1008,happy,happy
ML1009,happy,happy
ML1010,angry,angry
ML1011,happy,happy
ML1012,sad,sad
ML1013,sad,sad
ML1014,happy,happy
ML1015,happy,happy
ML1016,happy,happy
ML1017,sad,sad
ML1018,sad,sad
ML1019,sad,sad
ML1020,sad,sad
ML1021,sad,happy
ML1022,happy,happy
ML1023,relaxed,happy
ML1024,happy,happy
ML1025,angry,angry
ML1026,angry,angry
ML1027,relaxed,happy
ML1028,sad,angry
ML1029,relaxed,happy
ML1030,sad,happy
ML1031,sad,happy
ML1032,happy,happy
ML1033,relaxed,relaxed
ML1034,happy,happy
ML1035,sad,happy
ML1036,happy,happy
ML1037,sad,sad
ML1038,sad,sad
ML1039,angry,angry
ML1040,angry,happy
ML1041,happy,happy
ML1042,happy,happy
ML1043,relaxed,happy
ML1044,happy,happy
ML1045,happy,happy
ML1046,happy,happy
ML1047,happy,happy
ML1048,happy,happy
ML1049,happy,happy
ML1050,happy,happy
ML1051,relaxed,happy
ML1052,sad,happy
ML1053,relaxed,happy
ML1054,angry,happy
ML1055,happy,happy
ML1056,happy,happy
ML1057,happy,happy
ML1058,happy,happy
ML1059,happy,happy
ML1060,happy,happy
ML1061,sad,sad
ML1062,sad,happy
ML1063,happy,happy
ML1064,happy,happy
ML1065,relaxed,happy
ML1066,sad,happy
ML1067,happy,happy
ML1068,happy,happy
ML1069,angry,happy
ML1070,relaxed,happy
ML1071,sad,sad
ML1072,relaxed,happy
ML1073,angry,angry
ML1074,angry,angry
ML1075,angry,angry
ML1076,angry,angry
ML1077,happy,happy
ML1078,angry,happy
ML1079,relaxed,happy
ML1080,angry,angry
ML1081,happy,happy
ML1082,happy,happy
ML1083,happy,happy
ML1084,angry,happy
ML1085,relaxed,relaxed
ML1086,sad,sad
ML1087,sad,sad
ML1088,happy,happy
ML1089,sad,happy
ML1090,happy,happy
ML1091,happy,happy
ML1092,angry,happy
ML1093,angry,angry
ML1094,sad,angry
ML1095,happy,happy
ML1096,angry,happy
ML1097,sad,happy
ML1098,happy,happy
ML1099,sad,happy
ML1100,sad,angry
ML1101,sad,happy
ML1102,sad,happy
ML1103,happy,happy
ML1104,angry,happy
ML1105,angry,happy
ML1106,relaxed,relaxed
ML1107,relaxed,happy
ML1108,happy,happy
ML1109,happy,happy
ML1110,happy,happy
ML1111,angry,happy
ML1112,sad,sad
ML1113,sad,sad
ML1114,sad,sad
ML1115,relaxed,happy
ML1116,relaxed,happy
ML1117,angry,happy
ML1118,happy,happy
ML1119,sad,sad
ML1120,angry,angry
ML1121,happy,happy
ML1122,angry,angry
ML1123,sad,happy
ML1124,relaxed,relaxed
ML1125,relaxed,relaxed
ML1126,sad,happy
ML1127,sad,happy
ML1128,relaxed,happy
ML1129,sad,happy
ML1130,angry,happy
ML1131,angry,angry
ML1132,happy,happy
ML1133,happy,happy
ML1134,angry,angry
ML1135,happy,happy
ML1136,happy,happy
ML1137,happy,happy
ML1138,relaxed,relaxed
ML1139,angry,happy
ML1140,happy,happy
ML1141,relaxed,happy
ML1142,relaxed,happy
ML1143,sad,sad
ML1144,sad,sad
ML1145,sad,happy
ML1146,sad,happy
ML1147,angry,happy
ML1148,sad,sad
ML1149,sad,sad
ML1150,happy,happy
ML1151,relaxed,happy
ML1152,angry,angry
ML1153,relaxed,happy
ML1154,relaxed,happy
ML1155,sad,happy
ML1156,happy,happy
ML1157,sad,sad
ML1158,happy,happy
ML1159,sad,sad
ML1160,sad,sad
ML1161,happy,happy
ML1162,happy,happy
ML1163,angry,happy
ML1164,happy,happy
ML1165,angry,happy
ML1166,sad,happy
ML1167,relaxed,happy
ML1168,sad,happy
ML1169,happy,happy
ML1170,happy,happy
ML1171,happy,happy
ML1172,relaxed,happy
ML1173,relaxed,relaxed
ML1174,happy,happy
ML1175,happy,happy
ML1176,happy,happy
ML1177,relaxed,happy
ML1178,relaxed,happy
ML1179,angry,angry
ML1180,happy,happy
ML1181,happy,happy
ML1182,happy,happy
ML1183,happy,happy
ML1184,angry,angry
ML1185,happy,happy
ML1186,angry,angry
ML1187,angry,angry
ML1188,relaxed,happy
ML1189,angry,angry
ML1190,happy,happy
ML1191,sad,happy
ML1192,angry,angry
ML1193,angry,happy
ML1194,sad,sad
ML1195,happy,happy
ML1196,angry,angry
ML1197,angry,angry
ML1198,angry,happy
ML1199,relaxed,happy
ML1200,happy,happy
ML1201,sad,happy
ML1202,sad,angry
ML1203,relaxed,happy
ML1204,happy,happy
ML1205,angry,angry
ML1206,happy,happy
ML1207,relaxed,happy
ML1208,sad,sad
ML1209,sad,sad
ML1210,relaxed,relaxed
ML1211,relaxed,relaxed
ML1212,relaxed,happy
ML1213,sad,happy
ML1214,angry,angry
ML1215,angry,angry
ML1216,happy,happy
ML1217,sad,angry
ML1218,relaxed,happy
ML1219,happy,happy
ML1220,sad,sad
ML1221,sad,sad
ML1222,sad,sad
ML1223,angry,angry
ML1224,angry,angry
ML1225,happy,happy
ML1226,angry,angry
ML1227,sad,happy
ML1228,relaxed,relaxed
ML1229,relaxed,relaxed
ML1230,happy,happy
ML1231,relaxed,happy
ML1232,relaxed,relaxed
ML1233,happy,happy
ML1234,relaxed,happy
ML1235,angry,angry
ML1236,happy,happy
ML1237,relaxed,relaxed
ML1238,relaxed,relaxed
ML1239,happy,happy
ML1240,relaxed,happy
ML1241,happy,happy
ML1242,angry,happy
ML1243,sad,sad
ML1244,angry,happy
ML1245,sad,happy
ML1246,sad,sad
ML1247,angry,angry
ML1248,relaxed,happy
ML1249,angry,angry
ML1250,sad,happy
ML1251,relaxed,happy
ML1252,angry,happy
ML1253,angry,angry
ML1254,relaxed,happy
ML1255,sad,sad
ML1256,happy,happy
ML1257,sad,happy
ML1258,happy,happy
ML1259,sad,happy
ML1260,relaxed,happy
ML1261,happy,happy
ML1262,happy,happy
ML1263,happy,happy
ML1264,happy,happy
ML1265,relaxed,happy
ML1266,happy,happy
ML1267,sad,sad
ML1268,relaxed,happy
ML1269,sad,angry
ML1270,happy,happy
ML1271,relaxed,relaxed
ML1272,angry,angry
ML1273,sad,happy
ML1274,happy,happy
ML1275,sad,happy
ML1276,happy,happy
ML1277,happy,happy
ML1278,relaxed,happy
ML1279,sad,sad
ML1280,angry,angry
ML1281,angry,angry
ML1282,angry,angry
ML1283,angry,happy
ML1284,sad,happy
ML1285,relaxed,happy
ML1286,relaxed,happy
ML1287,sad,angry
ML1288,sad,sad
ML1289,sad,angry
ML1290,angry,angry
ML1291,relaxed,happy
ML1292,happy,happy
ML1293,relaxed,happy
ML1294,angry,angry
ML1295,angry,angry
ML1296,angry,angry
ML1297,happy,happy
ML1298,happy,happy
ML1299,happy,happy
ML1300,happy,happy
ML1301,sad,happy
ML1302,sad,sad
ML1303,angry,angry
ML1304,angry,angry
ML1305,sad,happy
ML1306,sad,happy
ML1307,relaxed,relaxed
ML1308,happy,happy
ML1309,angry,happy
ML1310,relaxed,happy
ML1311,relaxed,happy
ML1312,relaxed,relaxed
ML1313,sad,happy
ML1314,relaxed,happy
ML1315,sad,happy
ML1316,sad,sad
ML1317,happy,happy
ML1318,happy,happy
ML1319,happy,happy
ML1320,happy,happy
ML1321,angry,happy
ML1322,sad,happy
ML1323,relaxed,happy
ML1324,relaxed,happy
ML1325,relaxed,happy
ML1326,happy,happy
ML1327,happy,happy
ML1328,angry,angry
ML1329,sad,happy
ML1330,angry,angry
ML1331,happy,happy
ML1332,relaxed,happy
ML1333,happy,happy
ML1334,relaxed,relaxed
ML1335,sad,happy
ML1336,sad,angry
ML1337,relaxed,happy
ML1338,relaxed,happy
ML1339,sad,happy
ML1340,relaxed,happy
ML1341,sad,sad
ML1342,angry,happy
ML1343,angry,happy
ML1344,sad,sad
ML1345,happy,happy
ML1346,relaxed,happy
ML1347,sad,sad
ML1348,sad,sad
ML1349,sad,sad
ML1350,happy,happy
ML1351,happy,happy
ML1352,angry,angry
ML1353,happy,happy
ML1354,happy,happy
ML1355,happy,happy
ML1356,relaxed,relaxed
ML1357,happy,happy
ML1358,happy,happy
ML1359,happy,happy
ML1360,happy,happy
ML1361,happy,happy
ML1362,happy,happy
ML1363,angry,angry
ML1364,sad,happy
ML1365,angry,happy
ML1366,relaxed,happy
ML1367,angry,happy
ML1368,happy,happy
ML1369,sad,sad
ML1370,happy,happy
ML1371,relaxed,happy
ML1372,happy,happy
ML1373,happy,happy
ML1374,sad,happy
ML1375,angry,angry
ML1376,happy,happy
ML1377,angry,angry
ML1378,angry,happy
ML1379,angry,happy
ML1380,happy,happy
ML1381,relaxed,happy
ML1382,happy,happy
ML1383,relaxed,happy
ML1384,relaxed,happy
ML1385,relaxed,happy
ML1386,relaxed,happy
ML1387,sad,happy
ML1388,angry,angry
ML1389,relaxed,happy
ML1390,relaxed,happy
ML1391,relaxed,happy
ML1392,angry,angry
ML1393,sad,sad
ML1394,angry,happy
ML1395,happy,happy
ML1396,relaxed,relaxed
ML1397,relaxed,happy
ML1398,happy,happy
ML1399,happy,happy
ML1400,relaxed,happy
ML1401,angry,happy
ML1402,happy,happy
ML1403,sad,sad
ML1404,sad,happy
ML1405,happy,happy
ML1406,sad,happy
ML1407,relaxed,relaxed
ML1408,happy,happy
ML1409,happy,happy
ML1410,relaxed,relaxed
ML1411,angry,happy
ML1412,angry,happy
ML1413,sad,sad
ML1414,angry,angry
ML1415,relaxed,relaxed
ML1416,sad,sad
ML1417,sad,sad
ML1418,happy,happy
ML1419,angry,happy
ML1420,happy,happy
ML1421,angry,angry
ML1422,angry,angry
ML1423,angry,happy
ML1424,happy,happy
ML1425,relaxed,happy
ML1426,sad,happy
ML1427,relaxed,relaxed
ML1428,happy,happy
ML1429,relaxed,happy
ML1430,happy,happy
ML1431,relaxed,happy
ML1432,sad,happy
ML1433,happy,happy
ML1434,sad,happy
ML1435,relaxed,relaxed
ML1436,happy,happy
ML1437,relaxed,relaxed
ML1438,sad,happy
ML1439,sad,happy
ML1440,happy,happy
ML1441,relaxed,happy
ML1442,angry,angry
ML1443,happy,happy
ML1444,happy,happy
ML1445,happy,happy
ML1446,sad,happy
ML1447,happy,happy
ML1448,relaxed,happy
ML1449,happy,happy
ML1450,angry,angry
ML1451,angry,angry
ML1452,sad,angry
ML1453,angry,angry
ML1454,relaxed,happy
ML1455,sad,sad
ML1456,sad,sad
ML1457,relaxed,happy
ML1458,happy,happy
ML1459,angry,happy
ML1460,angry,angry
ML1461,angry,angry
ML1462,angry,angry
ML1463,angry,angry
ML1464,happy,happy
ML1465,angry,angry
ML1466,angry,angry
ML1467,sad,sad
ML1468,happy,happy
ML1469,angry,angry
ML1470,sad,sad
ML1471,happy,happy
ML1472,angry,happy
ML1473,happy,happy
ML1474,angry,angry
ML1475,sad,happy
ML1476,sad,happy
ML1477,sad,happy
ML1478,relaxed,relaxed
ML1479,relaxed,happy
ML1480,happy,happy
ML1481,happy,happy
ML1482,angry,angry
ML1483,angry,happy
ML1484,angry,happy
ML1485,relaxed,happy
ML1486,sad,angry
ML1487,happy,happy
ML1488,sad,sad
ML1489,sad,happy
ML1490,relaxed,relaxed
ML1491,angry,angry
ML1492,relaxed,relaxed
ML1493,angry,angry
ML1494,angry,angry
ML1495,happy,happy
ML1496,happy,happy
ML1497,happy,happy
ML1498,sad,happy
ML1499,happy,happy
ML1500,happy,happy
ML1501,angry,angry
ML1502,relaxed,happy
ML1503,happy,happy
ML1504,angry,angry
ML1505,sad,happy
ML1506,happy,happy
ML1507,sad,sad
ML1508,happy,happy
ML1509,sad,happy
ML1510,sad,angry
ML1511,happy,happy
ML1512,angry,happy
ML1513,angry,angry
ML1514,relaxed,happy
ML1515,happy,happy
ML1516,happy,happy
ML1517,sad,happy
ML1518,relaxed,happy
ML1519,sad,happy
ML1520,sad,sad
ML1521,relaxed,relaxed
ML1522,angry,angry
ML1523,sad,happy
ML1524,sad,angry
ML1525,relaxed,happy
ML1526,angry,angry
ML1527,sad,happy
ML1528,sad,happy
ML1529,sad,sad
ML1530,sad,happy
ML1531,relaxed,happy
ML1532,happy,happy
ML1533,angry,happy
ML1534,sad,sad
ML1535,sad,sad
ML1536,relaxed,happy
ML1537,angry,angry
ML1538,angry,happy
ML1539,angry,angry
ML1540,happy,happy
ML1541,angry,angry
ML1542,angry,angry
ML1543,angry,angry
ML1544,sad,happy
ML1545,angry,angry
ML1546,angry,angry
ML1547,angry,angry
ML1548,angry,angry
ML1549,relaxed,relaxed
ML1550,angry,angry
ML1551,relaxed,happy
ML1552,sad,sad
ML1553,sad,sad
ML1554,relaxed,happy
ML1555,sad,angry
ML1556,happy,happy
ML1557,angry,happy
ML1558,angry,happy
ML1559,relaxed,relaxed
ML1560,angry,angry
ML1561,relaxed,happy
ML1562,happy,happy
ML1563,happy,happy
ML1564,relaxed,relaxed
ML1565,sad,sad
ML1566,angry,angry
ML1567,happy,happy
ML1568,relaxed,happy
ML1569,happy,happy
ML1570,happy,happy
ML1571,sad,sad
ML1572,relaxed,happy
ML1573,happy,happy
ML1574,relaxed,happy
ML1575,happy,happy
ML1576,relaxed,relaxed
ML1577,relaxed,happy
ML1578,relaxed,happy
ML1579,relaxed,happy
ML1580,relaxed,relaxed
ML1581,relaxed,relaxed
ML1582,angry,happy
ML1583,angry,happy
ML1584,sad,happy
ML1585,relaxed,happy
ML1586,happy,happy
ML1587,sad,happy
ML1588,happy,happy
ML1589,happy,happy
ML1590,happy,happy
ML1591,angry,angry
ML1592,angry,angry
ML1593,happy,happy
ML1594,angry,happy
ML1595,angry,happy
ML1596,sad,angry
ML1597,relaxed,happy
ML1598,happy,happy
ML1599,sad,sad
ML1600,sad,happy
ML1601,sad,happy
ML1602,angry,happy
ML1603,happy,happy
ML1604,angry,happy
ML1605,happy,happy
ML1606,sad,angry
ML1607,sad,happy
ML1608,relaxed,happy
ML1609,sad,angry
ML1610,sad,sad
ML1611,relaxed,happy
ML1612,angry,angry
ML1613,sad,happy
ML1614,happy,happy
ML1615,angry,angry
ML1616,happy,happy
ML1617,sad,sad
ML1618,relaxed,happy
ML1619,happy,happy
ML1620,happy,happy
ML1621,happy,happy
ML1622,happy,happy
ML1623,happy,happy
ML1624,sad,happy
ML1625,sad,happy
ML1626,angry,angry
ML1627,angry,happy
ML1628,relaxed,relaxed
ML1629,happy,happy
ML1630,angry,angry
ML1631,sad,happy
ML1632,angry,happy
ML1633,sad,happy
ML1634,angry,angry
ML1635,happy,happy
ML1636,happy,happy
ML1637,angry,happy
ML1638,sad,sad
ML1639,happy,happy
ML1640,happy,happy
ML1641,happy,happy
ML1642,happy,happy
ML1643,happy,happy
ML1644,happy,happy
ML1645,angry,angry
ML1646,happy,happy
ML1647,relaxed,happy
ML1648,happy,happy
ML1649,happy,happy
ML1650,relaxed,happy
ML1651,relaxed,relaxed
ML1652,happy,happy
ML1653,relaxed,relaxed
ML1654,happy,happy
ML1655,happy,happy
ML1656,happy,happy
ML1657,relaxed,relaxed
ML1658,relaxed,happy
ML1659,relaxed,happy
ML1660,happy,happy
ML1661,relaxed,relaxed
ML1662,relaxed,relaxed
ML1663,happy,happy
ML1664,relaxed,relaxed
ML1665,relaxed,happy
ML1666,happy,happy
ML1667,happy,happy
ML1668,happy,happy
ML1669,relaxed,relaxed
ML1670,relaxed,relaxed
ML1671,happy,happy
ML1672,happy,happy
ML1673,relaxed,relaxed
ML1674,relaxed,relaxed
ML1675,relaxed,happy
ML1676,sad,angry
ML1677,happy,happy
ML1678,relaxed,relaxed
ML1679,relaxed,happy
ML1680,happy,happy
ML1681,happy,happy
ML1682,relaxed,happy
ML1683,happy,happy
ML1684,happy,happy
ML1685,relaxed,relaxed
ML1686,happy,happy
ML1687,happy,happy
ML1688,happy,happy
ML1689,angry,angry
ML1690,happy,happy
ML1691,happy,happy
ML1692,happy,happy
ML1693,happy,happy
ML1694,relaxed,relaxed
ML1695,sad,angry
ML1696,happy,happy
ML1697,relaxed,happy
ML1698,relaxed,relaxed
ML1699,sad,sad
ML1700,sad,sad
ML1701,happy,happy
ML1702,sad,happy
ML1703,sad,sad
ML1704,happy,happy
ML1705,relaxed,happy
ML1706,relaxed,happy
ML1707,happy,happy
ML1708,angry,happy
ML1709,happy,happy
ML1710,relaxed,relaxed
ML1711,happy,happy
ML1712,happy,happy
ML1713,relaxed,happy
ML1714,angry,angry
ML1715,happy,happy
ML1716,sad,sad
ML1717,happy,happy
ML1718,angry,happy
ML1719,happy,happy
ML1720,happy,happy
ML1721,happy,happy
ML1722,happy,happy
ML1723,happy,happy
ML1724,happy,happy
ML1725,sad,happy
ML1726,relaxed,relaxed
ML1727,sad,angry
ML1728,happy,happy
ML1729,relaxed,happy
ML1730,angry,angry
ML1731,sad,sad
ML1732,relaxed,relaxed
ML1733,relaxed,happy
ML1734,relaxed,relaxed
ML1735,relaxed,relaxed
ML1736,relaxed,happy
ML1737,relaxed,relaxed
ML1738,angry,happy
ML1739,relaxed,happy
ML1740,happy,happy
ML1741,relaxed,relaxed
ML1742,relaxed,happy
ML1743,relaxed,relaxed
ML1744,relaxed,happy
ML1745,happy,happy
ML1746,relaxed,happy
ML1747,relaxed,happy
ML1748,happy,happy
ML1749,happy,happy
ML1750,relaxed,relaxed
ML1751,angry,happy
ML1752,relaxed,happy
ML1753,angry,angry
ML1754,relaxed,happy
ML1755,relaxed,happy
ML1756,sad,happy
ML1757,happy,happy
ML1758,sad,happy
ML1759,sad,happy
ML1760,angry,happy
ML1761,sad,sad
ML1762,sad,sad
ML1763,happy,happy
ML1764,angry,angry
ML1765,sad,happy
ML1766,relaxed,happy
ML1767,happy,happy
ML1768,happy,happy
ML1769,sad,happy
ML1770,angry,happy
ML1771,sad,happy
ML1772,angry,happy
ML1773,sad,happy
ML1774,happy,happy
ML1775,happy,happy
ML1776,relaxed,happy
ML1777,sad,sad
ML1778,relaxed,relaxed
ML1779,relaxed,happy
ML1780,happy,happy
ML1781,happy,happy
ML1782,happy,happy
ML1783,happy,happy
ML1784,happy,happy
ML1785,relaxed,happy
ML1786,relaxed,happy
ML1787,happy,happy
ML1788,relaxed,happy
ML1789,sad,happy
ML1790,relaxed,happy
ML1791,relaxed,happy
ML1792,angry,happy
ML1793,sad,happy
ML1794,sad,sad
ML1795,happy,happy
ML1796,angry,angry
ML1797,angry,angry
ML1798,relaxed,relaxed
ML1799,sad,angry
ML1800,angry,angry
ML1801,happy,happy
ML1802,relaxed,happy
ML1803,relaxed,relaxed
ML1804,sad,happy
ML1805,happy,happy
ML1806,happy,happy
ML1807,sad,happy
ML1808,happy,happy
ML1809,relaxed,relaxed
ML1810,sad,sad
ML1811,angry,angry
ML1812,happy,happy
ML1813,angry,angry
ML1814,angry,angry
ML1815,angry,happy
ML1816,relaxed,happy
ML1817,relaxed,happy
ML1818,sad,happy
ML1819,happy,happy
ML1820,happy,happy
ML1821,sad,sad
ML1822,relaxed,happy
ML1823,angry,angry
ML1824,angry,angry
ML1825,relaxed,happy
ML1826,relaxed,happy
ML1827,happy,happy
ML1828,angry,angry
ML1829,angry,angry
ML1830,angry,angry
ML1831,angry,happy
ML1832,relaxed,relaxed
ML1833,happy,happy
ML1834,angry,angry
ML1835,happy,happy
ML1836,relaxed,happy
ML1837,sad,sad
ML1838,happy,happy
ML1839,relaxed,relaxed
ML1840,relaxed,happy
ML1841,happy,happy
ML1842,angry,angry
ML1843,sad,happy
ML1844,relaxed,relaxed
ML1845,relaxed,happy
ML1846,sad,angry
ML1847,happy,happy
ML1848,relaxed,happy
ML1849,happy,happy
ML1850,relaxed,relaxed
ML1851,angry,angry
ML1852,angry,happy
ML1853,sad,happy
ML1854,sad,happy
ML1855,angry,happy
ML1856,happy,happy
ML1857,angry,happy
ML1858,angry,angry
ML1859,relaxed,relaxed
ML1860,angry,angry
ML1861,sad,happy
ML1862,angry,angry
ML1863,angry,angry
ML1864,sad,sad
ML1865,sad,sad
ML1866,relaxed,relaxed
ML1867,angry,angry
ML1868,happy,happy
ML1869,happy,happy
ML1870,happy,happy
ML1871,angry,angry
ML1872,sad,happy
ML1873,happy,happy
ML1874,relaxed,happy
ML1875,angry,angry
ML1876,happy,happy
ML1877,angry,happy
ML1878,sad,happy
ML1879,happy,happy
ML1880,relaxed,relaxed
ML1881,angry,angry
ML1882,angry,angry
ML1883,sad,happy
ML1884,angry,angry
ML1885,angry,angry
ML1886,happy,happy
ML1887,happy,happy
ML1888,happy,happy
ML1889,relaxed,happy
ML1890,sad,happy
ML1891,sad,relaxed
ML1892,relaxed,happy
ML1893,relaxed,relaxed
ML1894,angry,happy
ML1895,angry,angry
ML1896,sad,angry
ML1897,happy,happy
ML1898,happy,happy
ML1899,angry,happy
ML1900,angry,happy
ML1901,sad,happy
ML1902,sad,happy
ML1903,angry,happy
ML1904,relaxed,relaxed
ML1905,sad,angry
ML1906,angry,happy
ML1907,happy,happy
ML1908,sad,happy
ML1909,sad,sad
ML1910,relaxed,relaxed
ML1911,angry,angry
ML1912,happy,happy
ML1913,happy,happy
ML1914,sad,happy
ML1915,angry,angry
ML1916,angry,happy
ML1917,sad,happy
ML1918,angry,angry
ML1919,happy,happy
ML1920,angry,angry
ML1921,sad,sad
ML1922,happy,happy
ML1923,sad,sad
ML1924,happy,happy
ML1925,relaxed,happy
ML1926,sad,happy
ML1927,relaxed,happy
ML1928,relaxed,happy
ML1929,angry,angry
ML1930,happy,happy
ML1931,happy,happy
ML1932,sad,happy
ML1933,happy,happy
ML1934,happy,happy
ML1935,angry,happy
ML1936,happy,happy
ML1937,relaxed,happy
ML1938,relaxed,relaxed
ML1939,sad,happy
ML1940,sad,happy
ML1941,happy,happy
ML1942,happy,happy
ML1943,sad,angry
ML1944,sad,sad
ML1945,sad,happy
ML1946,angry,happy
ML1947,angry,happy
ML1948,happy,happy
ML1949,relaxed,happy
ML1950,relaxed,relaxed
ML1951,happy,happy
ML1952,relaxed,relaxed
ML1953,angry,happy
ML1954,happy,happy
ML1955,relaxed,happy
ML1956,happy,happy
ML1957,relaxed,happy
ML1958,angry,angry
ML1959,sad,sad
ML1960,happy,happy
ML1961,happy,happy
ML1962,relaxed,relaxed
ML1963,sad,sad
ML1964,angry,angry
ML1965,sad,sad
ML1966,sad,sad
ML1967,sad,happy
ML1968,relaxed,happy
ML1969,angry,happy
ML1970,sad,happy
ML1971,happy,happy
ML1972,sad,happy
ML1973,angry,angry
ML1974,angry,angry
ML1975,angry,happy
ML1976,relaxed,happy
ML1977,sad,sad
ML1978,sad,angry
ML1979,sad,happy
ML1980,sad,happy
ML1981,happy,happy
ML1982,sad,happy
ML1983,sad,happy
ML1984,angry,angry
ML1985,happy,happy
ML1986,angry,angry
ML1987,sad,happy
ML1988,relaxed,happy
ML1989,sad,happy
ML1990,happy,happy
ML1991,angry,happy
ML1992,relaxed,relaxed
ML1993,angry,happy
ML1994,relaxed,happy
ML1995,happy,happy
ML1996,angry,angry
ML1997,happy,happy
ML1998,happy,happy
ML1999,happy,happy
ML2000,angry,angry
ML2001,relaxed,happy
ML2002,happy,happy
ML2003,angry,happy
ML2004,happy,happy
ML2005,relaxed,relaxed
ML2006,happy,happy
ML2007,sad,happy
ML2008,angry,angry
ML2009,happy,happy
ML2010,happy,happy
ML2011,angry,happy
ML2012,angry,angry
ML2013,happy,happy
ML2014,relaxed,happy
ML2015,happy,happy
ML2016,happy,happy
ML2017,sad,sad
ML2018,angry,angry
ML2019,happy,happy
ML2020,relaxed,happy
ML2021,happy,happy
ML2022,happy,happy
ML2023,relaxed,happy
ML2024,relaxed,relaxed
ML2025,happy,happy
ML2026,relaxed,happy
ML2027,sad,sad
ML2028,angry,angry
ML2029,relaxed,relaxed
ML2030,happy,happy
ML2031,happy,happy
ML2032,happy,happy
ML2033,happy,happy
ML2034,relaxed,relaxed
ML2035,relaxed,happy
ML2036,happy,happy
ML2037,relaxed,relaxed
ML2038,happy,happy
ML2039,happy,happy
ML2040,relaxed,happy
ML2041,happy,happy
ML2042,happy,happy
ML2043,happy,happy
ML2044,relaxed,happy
ML2045,relaxed,relaxed
ML2046,happy,happy
ML2047,relaxed,relaxed
ML2048,relaxed,happy
ML2049,relaxed,relaxed
ML2050,relaxed,relaxed
ML2051,sad,happy
ML2052,happy,happy
ML2053,relaxed,relaxed
ML2054,relaxed,happy
ML2055,relaxed,happy
ML2056,sad,happy
ML2057,relaxed,happy
ML2058,relaxed,happy
ML2059,angry,angry
ML2060,sad,sad
ML2061,sad,happy
ML2062,angry,angry
ML2063,angry,angry
ML2064,happy,happy
ML2065,sad,happy
ML2066,angry,happy
ML2067,angry,happy
ML2068,happy,happy
ML2069,sad,happy
ML2070,relaxed,happy
ML2071,angry,angry
ML2072,relaxed,relaxed
ML2073,happy,happy
ML2074,angry,angry
ML2075,sad,relaxed
ML2076,sad,happy
ML2077,angry,happy
ML2078,happy,happy
ML2079,sad,happy
ML2080,happy,happy
ML2081,relaxed,happy
ML2082,happy,happy
ML2083,sad,happy
ML2084,angry,angry
ML2085,angry,angry
ML2086,angry,angry
ML2087,happy,happy
ML2088,happy,happy
ML2089,angry,happy
ML2090,angry,happy
ML2091,angry,happy
ML2092,happy,happy
ML2093,angry,angry
ML2094,sad,sad
ML2095,happy,happy
ML2096,sad,sad
ML2097,sad,angry
ML2098,happy,happy
ML2099,relaxed,happy
ML2100,relaxed,relaxed
ML2101,sad,happy
ML2102,relaxed,happy
ML2103,relaxed,happy
ML2104,sad,happy
ML2105,angry,angry
ML2106,happy,happy
ML2107,angry,happy
ML2108,sad,sad
ML2109,angry,angry
ML2110,sad,angry
ML2111,happy,happy
ML2112,relaxed,relaxed
ML2113,sad,happy
ML2114,relaxed,relaxed
ML2115,relaxed,happy
ML2116,angry,happy
ML2117,angry,happy
ML2118,angry,happy
ML2119,happy,happy
ML2120,happy,happy
ML2121,happy,happy
ML2122,relaxed,relaxed
ML2123,relaxed,relaxed
ML2124,sad,sad
ML2125,angry,angry
ML2126,sad,happy
ML2127,sad,happy
ML2128,sad,happy
ML2129,happy,happy
ML2130,angry,angry
ML2131,relaxed,happy
ML2132,happy,happy
ML2133,sad,sad
ML2134,sad,sad
ML2135,sad,sad
ML2136,happy,happy
ML2137,angry,angry
ML2138,happy,happy
ML2139,happy,happy
ML2140,relaxed,happy
ML2141,sad,happy
ML2142,happy,happy
ML2143,sad,sad
ML2144,relaxed,happy
ML2145,angry,angry
ML2146,angry,angry
ML2147,angry,happy
ML2148,angry,happy
ML2149,sad,happy
ML2150,sad,happy
ML2151,angry,happy
ML2152,angry,angry
ML2153,angry,happy
ML2154,angry,happy
ML2155,sad,happy
ML2156,happy,happy
ML2157,happy,happy
ML2158,happy,happy
ML2159,angry,happy
ML2160,happy,happy
ML2161,relaxed,happy
ML2162,sad,happy
ML2163,happy,happy
ML2164,sad,happy
ML2165,sad,sad
ML2166,relaxed,happy
ML2167,angry,angry
ML2168,relaxed,relaxed
ML2169,happy,happy
ML2170,happy,happy
ML2171,sad,sad
ML2172,sad,happy
ML2173,sad,happy
ML2174,sad,sad
ML2175,relaxed,happy
ML2176,angry,angry
ML2177,happy,happy
ML2178,angry,angry
ML2179,happy,happy
ML2180,happy,happy
ML2181,angry,happy
ML2182,relaxed,happy
ML2183,happy,happy
ML2184,sad,happy
ML2185,relaxed,happy
ML2186,angry,angry
ML2187,happy,happy
ML2188,relaxed,happy
ML2189,relaxed,happy
ML2190,happy,happy
ML2191,happy,happy
ML2192,relaxed,relaxed
ML2193,relaxed,relaxed
ML2194,relaxed,relaxed
ML2195,happy,happy
ML2196,happy,happy
ML2197,happy,happy
ML2198,happy,happy
ML2199,relaxed,happy
ML2200,happy,happy
ML2201,sad,happy
ML2202,relaxed,relaxed
ML2203,happy,happy
ML2204,happy,happy
ML2205,sad,angry
ML2206,relaxed,happy
ML2207,relaxed,happy
ML2208,happy,happy
ML2209,happy,happy
ML2210,relaxed,relaxed
ML2211,happy,happy
ML2212,relaxed,relaxed
ML2213,angry,angry
ML2214,relaxed,happy
ML2215,sad,sad
ML2216,happy,happy
ML2217,relaxed,happy
ML2218,sad,happy
ML2219,happy,happy
ML2220,relaxed,happy
ML2221,happy,happy
ML2222,relaxed,relaxed
ML2223,relaxed,happy
ML2224,relaxed,happy
ML2225,happy,happy
ML2226,relaxed,happy
ML2227,relaxed,relaxed
ML2228,sad,happy
ML2229,happy,happy
ML2230,sad,happy
ML2231,happy,happy
ML2232,sad,sad
ML2233,relaxed,happy
ML2234,sad,sad
ML2235,angry,angry
ML2236,angry,angry
ML2237,relaxed,relaxed
ML2238,angry,angry
ML2239,relaxed,relaxed
ML2240,angry,angry
ML2241,angry,angry
ML2242,angry,angry
ML2243,sad,happy
ML2244,happy,happy
ML2245,happy,happy
ML2246,relaxed,relaxed
ML2247,angry,happy
ML2248,relaxed,relaxed
ML2249,happy,happy
ML2250,sad,angry
ML2251,relaxed,happy
ML2252,happy,happy
ML2253,sad,happy
ML2254,happy,happy
ML2255,sad,sad
ML2256,happy,happy
ML2257,sad,sad
ML2258,sad,happy
ML2259,relaxed,relaxed
ML2260,angry,angry
ML2261,sad,sad
ML2262,happy,happy
ML2263,angry,angry
ML2264,sad,sad
ML2265,relaxed,happy
ML2266,happy,happy
ML2267,angry,angry
ML2268,angry,angry
ML2269,angry,angry
ML2270,angry,angry
ML2271,happy,happy
ML2272,sad,happy
ML2273,happy,happy
ML2274,happy,happy
ML2275,happy,happy
ML2276,happy,happy
ML2277,sad,sad
ML2278,sad,happy
ML2279,happy,happy
ML2280,happy,happy
ML2281,happy,happy
ML2282,happy,happy
ML2283,angry,angry
ML2284,happy,happy
ML2285,angry,happy
ML2286,happy,happy
ML2287,happy,happy
ML2288,sad,happy
ML2289,relaxed,happy
ML2290,angry,angry
ML2291,sad,angry
ML2292,happy,happy
ML2293,angry,happy
ML2294,relaxed,relaxed
ML2295,angry,angry
ML2296,sad,angry
ML2297,happy,happy
ML2298,relaxed,happy
ML2299,angry,angry
ML2300,angry,happy
ML2301,sad,sad
ML2302,angry,happy
ML2303,happy,happy
ML2304,happy,happy
ML2305,happy,happy
ML2306,angry,happy
ML2307,sad,happy
ML2308,angry,angry
ML2309,sad,happy
ML2310,happy,happy
ML2311,relaxed,happy
ML2312,happy,happy
ML2313,angry,angry
ML2314,sad,happy
ML2315,happy,happy
ML2316,happy,happy
ML2317,relaxed,relaxed
ML2318,sad,happy
ML2319,sad,happy
ML2320,relaxed,relaxed
ML2321,happy,happy
ML2322,sad,happy
ML2323,relaxed,happy
ML2324,happy,happy
ML2325,sad,happy
ML2326,happy,happy
ML2327,happy,happy
ML2328,sad,angry
ML2329,sad,happy
ML2330,relaxed,happy
ML2331,angry,angry
ML2332,sad,sad
ML2333,relaxed,happy
ML2334,happy,happy
ML2335,angry,happy
ML2336,relaxed,happy
ML2337,sad,happy
ML2338,angry,angry
ML2339,sad,happy
ML2340,angry,happy
ML2341,relaxed,happy
ML2342,angry,angry
ML2343,sad,sad
ML2344,sad,happy
ML2345,angry,happy
ML2346,angry,happy
ML2347,relaxed,happy
ML2348,relaxed,happy
ML2349,sad,happy
ML2350,happy,happy
ML2351,happy,happy
ML2352,angry,angry
ML2353,sad,happy
ML2354,angry,happy
ML2355,sad,sad
ML2356,happy,happy
ML2357,happy,happy
ML2358,sad,happy
ML2359,relaxed,relaxed
ML2360,happy,happy
ML2361,happy,happy
ML2362,sad,happy
ML2363,angry,angry
ML2364,happy,happy
ML2365,angry,angry
ML2366,relaxed,happy
ML2367,happy,happy
ML2368,angry,angry
ML2369,happy,happy
ML2370,happy,happy
ML2371,angry,happy
ML2372,relaxed,happy
ML2373,happy,happy
ML2374,angry,happy
ML2375,angry,angry
ML2376,angry,angry
ML2377,angry,happy
ML2378,happy,happy
ML2379,sad,happy
ML2380,sad,sad
ML2381,relaxed,happy
ML2382,relaxed,relaxed
ML2383,relaxed,happy
ML2384,happy,happy
ML2385,angry,happy
ML2386,sad,happy
ML2387,happy,happy
ML2388,angry,angry
ML2389,angry,happy
ML2390,sad,sad
ML2391,happy,happy
ML2392,relaxed,happy
ML2393,angry,angry
ML2394,relaxed,happy
ML2395,happy,happy
ML2396,happy,happy
ML2397,relaxed,relaxed
ML2398,sad,happy
ML2399,sad,happy
ML2400,angry,happy
ML2401,angry,angry
ML2402,happy,happy
ML2403,happy,happy
ML2404,relaxed,relaxed
ML2405,sad,sad
ML2406,sad,happy
ML2407,sad,happy
ML2408,happy,happy
ML2409,happy,happy
ML2410,angry,happy
ML2411,happy,happy
ML2412,happy,happy
ML2413,sad,sad
ML2414,angry,angry
ML2415,sad,happy
ML2416,sad,happy
ML2417,angry,angry
ML2418,sad,happy
ML2419,happy,happy
ML2420,relaxed,happy
ML2421,happy,happy
ML2422,sad,happy
ML2423,happy,happy
ML2424,sad,angry
ML2425,relaxed,happy
ML2426,relaxed,happy
ML2427,sad,happy
ML2428,happy,happy
ML2429,happy,happy
ML2430,angry,angry
ML2431,angry,angry
ML2432,sad,angry
ML2433,sad,happy
ML2434,relaxed,relaxed
ML2435,relaxed,happy
ML2436,happy,happy
ML2437,happy,happy
ML2438,happy,happy
ML2439,sad,happy
ML2440,angry,angry
ML2441,angry,angry
ML2442,angry,happy
ML2443,sad,happy
ML2444,relaxed,relaxed
ML2445,angry,angry
ML2446,happy,happy
ML2447,happy,happy
ML2448,relaxed,relaxed
ML2449,happy,happy
ML2450,sad,sad
ML2451,sad,angry
ML2452,sad,happy
ML2453,relaxed,relaxed
ML2454,relaxed,happy
ML2455,angry,angry
ML2456,angry,happy
ML2457,angry,happy
ML2458,sad,happy
ML2459,relaxed,happy
ML2460,happy,happy
ML2461,sad,happy
ML2462,relaxed,happy
ML2463,happy,happy
ML2464,sad,happy
ML2465,sad,happy
ML2466,sad,sad
ML2467,happy,happy
ML2468,angry,angry
ML2469,angry,angry
ML2470,happy,happy
ML2471,happy,happy
ML2472,sad,happy
ML2473,happy,happy
ML2474,happy,happy
ML2475,happy,happy
ML2476,sad,sad
ML2477,happy,happy
ML2478,relaxed,happy
ML2479,angry,angry
ML2480,happy,happy
ML2481,relaxed,relaxed
ML2482,angry,angry
ML2483,relaxed,happy
ML2484,relaxed,relaxed
ML2485,happy,happy
ML2486,happy,happy
ML2487,happy,happy
ML2488,sad,angry
ML2489,happy,happy
ML2490,relaxed,relaxed
ML2491,sad,sad
ML2492,angry,happy
ML2493,sad,happy
ML2494,angry,happy
ML2495,relaxed,happy
ML2496,happy,happy
ML2497,relaxed,happy
ML2498,sad,happy
ML2499,sad,happy
ML2500,angry,angry
ML2501,happy,happy
ML2502,happy,happy
ML2503,angry,happy
ML2504,relaxed,happy
ML2505,happy,happy
ML2506,sad,sad
ML2507,sad,happy
ML2508,sad,happy
ML2509,sad,happy
ML2510,relaxed,relaxed
ML2511,angry,angry
ML2512,happy,happy
ML2513,relaxed,relaxed
ML2514,relaxed,happy
ML2515,happy,happy
ML2516,happy,happy
ML2517,angry,angry
ML2518,happy,happy
ML2519,angry,angry
ML2520,angry,angry
ML2521,relaxed,relaxed
ML2522,relaxed,happy
ML2523,happy,happy
ML2524,angry,happy
ML2525,angry,angry
ML2526,sad,sad
ML2527,relaxed,relaxed
ML2528,happy,happy
ML2529,angry,happy
ML2530,happy,happy
ML2531,sad,happy
ML2532,angry,angry
ML2533,angry,angry
ML2534,relaxed,relaxed
ML2535,happy,happy
ML2536,angry,angry
ML2537,relaxed,happy
ML2538,sad,happy
ML2539,angry,happy
ML2540,happy,happy
ML2541,happy,happy
ML2542,sad,happy
ML2543,relaxed,happy
ML2544,sad,happy
ML2545,happy,happy
ML2546,happy,happy
ML2547,happy,happy
ML2548,angry,angry
ML2549,sad,happy
ML2550,relaxed,happy
ML2551,relaxed,happy
ML2552,happy,happy
ML2553,sad,happy
ML2554,relaxed,relaxed
ML2555,sad,happy
ML2556,angry,angry
ML2557,sad,happy
ML2558,happy,happy
ML2559,sad,happy
ML2560,angry,happy
ML2561,relaxed,happy
ML2562,sad,happy
ML2563,relaxed,relaxed
ML2564,relaxed,happy
ML2565,happy,happy
ML2566,sad,happy
ML2567,relaxed,happy
ML2568,sad,happy
ML2569,sad,happy
ML2570,relaxed,relaxed
ML2571,angry,angry
ML2572,happy,happy
ML2573,angry,happy
ML2574,happy,happy
ML2575,angry,angry
ML2576,angry,angry
ML2577,happy,happy
ML2578,happy,happy
ML2579,angry,angry
ML2580,happy,happy
ML2581,happy,happy
ML2582,sad,happy
ML2583,sad,sad
ML2584,relaxed,relaxed
ML2585,happy,happy
ML2586,angry,happy
ML2587,relaxed,relaxed
ML2588,angry,angry
ML2589,happy,happy
ML2590,relaxed,happy
ML2591,angry,angry
ML2592,angry,angry
ML2593,sad,angry
ML2594,angry,angry
ML2595,relaxed,relaxed
